{
  "timestamp": "2026-05-26 18:39:30",
  "config": {
    "num_samples": 441,
    "num_test_queries": 30,
    "data_source": "data/sentiment_input_batch.json"
  },
  "timing": {
    "build_time_seconds": 80.4406840801239,
    "eval_time_seconds": 4.072987794876099
  },
  "quality": {
    "successful_samples": 441
  },
  "retrieval_metrics": {
    "top1_accuracy": 0.16666666666666666,
    "top5_recall": 0.10992424007121573,
    "mrr": 0.5833333333333334,
    "ndcg@5": 0.6974480745351248,
    "avg_retrieval_latency_ms": 135.6287695467472
  },
  "metrics": {
    "top1_accuracy": 0.16666666666666666,
    "top5_recall": 0.10992424007121573,
    "mrr": 0.5833333333333334,
    "ndcg@5": 0.6974480745351248,
    "avg_retrieval_latency_ms": 135.6287695467472,
    "num_queries": 30
  }
}